-- phpMyAdmin SQL Dump
-- version 5.2.1
-- https://www.phpmyadmin.net/
--
-- Host: 127.0.0.1
-- Generation Time: Mar 05, 2026 at 02:49 AM
-- Server version: 10.4.32-MariaDB
-- PHP Version: 8.0.30

SET SQL_MODE = "NO_AUTO_VALUE_ON_ZERO";
START TRANSACTION;
SET time_zone = "+00:00";


/*!40101 SET @OLD_CHARACTER_SET_CLIENT=@@CHARACTER_SET_CLIENT */;
/*!40101 SET @OLD_CHARACTER_SET_RESULTS=@@CHARACTER_SET_RESULTS */;
/*!40101 SET @OLD_COLLATION_CONNECTION=@@COLLATION_CONNECTION */;
/*!40101 SET NAMES utf8mb4 */;

--
-- Database: `db_resto_nim`
--

-- --------------------------------------------------------

--
-- Table structure for table `jenis_menu`
--

CREATE TABLE `jenis_menu` (
  `id_jenis` int(11) NOT NULL,
  `nama_jenis` varchar(50) NOT NULL
) ENGINE=InnoDB DEFAULT CHARSET=utf8mb4 COLLATE=utf8mb4_general_ci;

--
-- Dumping data for table `jenis_menu`
--

INSERT INTO `jenis_menu` (`id_jenis`, `nama_jenis`) VALUES
(1, 'Makanan'),
(2, 'Minuman'),
(3, 'Snack');

-- --------------------------------------------------------

--
-- Table structure for table `menu`
--

CREATE TABLE `menu` (
  `id_menu` int(11) NOT NULL,
  `nama_menu` varchar(100) NOT NULL,
  `id_jenis` int(11) DEFAULT NULL,
  `id_supplier` int(11) DEFAULT NULL,
  `harga` decimal(10,2) DEFAULT NULL,
  `stok` int(11) DEFAULT NULL,
  `foto_menu` varchar(255) DEFAULT NULL
) ENGINE=InnoDB DEFAULT CHARSET=utf8mb4 COLLATE=utf8mb4_general_ci;

--
-- Dumping data for table `menu`
--

INSERT INTO `menu` (`id_menu`, `nama_menu`, `id_jenis`, `id_supplier`, `harga`, `stok`, `foto_menu`) VALUES
(1, 'Nasi Goreng Special', 1, 1, 25000.00, 50, '20260227054637_nasgor spesial.jpeg'),
(2, 'Es Teh Manis', 2, 2, 5000.00, 100, '20260227054552_es teh.jpg'),
(3, 'Kentang Goreng', 3, 1, 15000.00, 30, '20260227054458_kentang goreng.jpeg'),
(4, 'nasi goreng', 1, 1, 13000.00, 4, '20260227054158_pastelila_id-food-7382109_1920.jpg');

-- --------------------------------------------------------

--
-- Table structure for table `supplier`
--

CREATE TABLE `supplier` (
  `id_supplier` int(11) NOT NULL,
  `nama_supplier` varchar(100) NOT NULL
) ENGINE=InnoDB DEFAULT CHARSET=utf8mb4 COLLATE=utf8mb4_general_ci;

--
-- Dumping data for table `supplier`
--

INSERT INTO `supplier` (`id_supplier`, `nama_supplier`) VALUES
(1, 'PT. Sumber Rasa'),
(2, 'Depot Segar');

-- --------------------------------------------------------

--
-- Table structure for table `users`
--

CREATE TABLE `users` (
  `id` int(11) NOT NULL,
  `username` varchar(50) NOT NULL,
  `password` varchar(255) NOT NULL
) ENGINE=InnoDB DEFAULT CHARSET=utf8mb4 COLLATE=utf8mb4_general_ci;

--
-- Dumping data for table `users`
--

INSERT INTO `users` (`id`, `username`, `password`) VALUES
(1, 'admin', 'admin123');

--
-- Indexes for dumped tables
--

--
-- Indexes for table `jenis_menu`
--
ALTER TABLE `jenis_menu`
  ADD PRIMARY KEY (`id_jenis`);

--
-- Indexes for table `menu`
--
ALTER TABLE `menu`
  ADD PRIMARY KEY (`id_menu`),
  ADD KEY `id_jenis` (`id_jenis`),
  ADD KEY `id_supplier` (`id_supplier`);

--
-- Indexes for table `supplier`
--
ALTER TABLE `supplier`
  ADD PRIMARY KEY (`id_supplier`);

--
-- Indexes for table `users`
--
ALTER TABLE `users`
  ADD PRIMARY KEY (`id`);

--
-- AUTO_INCREMENT for dumped tables
--

--
-- AUTO_INCREMENT for table `jenis_menu`
--
ALTER TABLE `jenis_menu`
  MODIFY `id_jenis` int(11) NOT NULL AUTO_INCREMENT, AUTO_INCREMENT=4;

--
-- AUTO_INCREMENT for table `menu`
--
ALTER TABLE `menu`
  MODIFY `id_menu` int(11) NOT NULL AUTO_INCREMENT, AUTO_INCREMENT=5;

--
-- AUTO_INCREMENT for table `supplier`
--
ALTER TABLE `supplier`
  MODIFY `id_supplier` int(11) NOT NULL AUTO_INCREMENT, AUTO_INCREMENT=3;

--
-- AUTO_INCREMENT for table `users`
--
ALTER TABLE `users`
  MODIFY `id` int(11) NOT NULL AUTO_INCREMENT, AUTO_INCREMENT=2;

--
-- Constraints for dumped tables
--

--
-- Constraints for table `menu`
--
ALTER TABLE `menu`
  ADD CONSTRAINT `menu_ibfk_1` FOREIGN KEY (`id_jenis`) REFERENCES `jenis_menu` (`id_jenis`) ON DELETE CASCADE,
  ADD CONSTRAINT `menu_ibfk_2` FOREIGN KEY (`id_supplier`) REFERENCES `supplier` (`id_supplier`) ON DELETE CASCADE;
COMMIT;

/*!40101 SET CHARACTER_SET_CLIENT=@OLD_CHARACTER_SET_CLIENT */;
/*!40101 SET CHARACTER_SET_RESULTS=@OLD_CHARACTER_SET_RESULTS */;
/*!40101 SET COLLATION_CONNECTION=@OLD_COLLATION_CONNECTION */;
